{"Trainer/where": 0.03327294685990338, "Trainer/epoch": 0, "Trainer/steps_train": 552}
{"Trainer/where": 0.06660628019323672, "Trainer/epoch": 1, "Trainer/steps_train": 1104}
{"Trainer/where": 0.09993961352657005, "Trainer/epoch": 2, "Trainer/steps_train": 1656}
{"Trainer/where": 0.13327294685990337, "Trainer/epoch": 3, "Trainer/steps_train": 2208}
{"Trainer/where": 0.16660628019323673, "Trainer/epoch": 4, "Trainer/steps_train": 2760}
{"Trainer/where": 0.19993961352657005, "Trainer/epoch": 5, "Trainer/steps_train": 3312}
{"Trainer/where": 0.23327294685990338, "Trainer/epoch": 6, "Trainer/steps_train": 3864}
{"Trainer/where": 0.26660628019323673, "Trainer/epoch": 7, "Trainer/steps_train": 4416}
{"Trainer/where": 0.29993961352657006, "Trainer/epoch": 8, "Trainer/steps_train": 4968}
{"Trainer/where": 0.3332729468599034, "Trainer/epoch": 9, "Trainer/steps_train": 5520}
{"Trainer/where": 0.3666062801932367, "Trainer/epoch": 10, "Trainer/steps_train": 6072}
{"Trainer/where": 0.39993961352657004, "Trainer/epoch": 11, "Trainer/steps_train": 6624}
